{"train_loss": [0.9564582419395447, 0.6797540283203125, 0.4837613713741302, 0.3526366078853607, 0.2655100613832474, 0.20648180425167084, 0.16524559438228606, 0.135482117831707, 0.11333343118429184, 0.09641542494297027], "train_accuracy": [0.0, 0.575, 1.0, 1.0, 1.0, 1.0, 1.0, 1.0, 1.0, 1.0]}